image_id,product_id,variant_id,category,price,image_url,brand,product_url,currency
1,uniqlo_E479000-000,COL00,bottoms,49.9,USD,https://image.uniqlo.com/UQ/ST3/WesternCommon/imagesgoods/479000/item/goods_00_479000_3x4.jpg,https://www.uniqlo.com/us/en/products/E479000-000/00,UNIQLO
2,uniqlo_E479000-000,COL08,bottoms,49.9,USD,https://image.uniqlo.com/UQ/ST3/us/imagesgoods/479000/item/usgoods_08_479000_3x4.jpg,https://www.uniqlo.com/us/en/products/E479000-000/00,UNIQLO
3,uniqlo_E479000-000,COL64,bottoms,49.9,USD,https://image.uniqlo.com/UQ/ST3/us/imagesgoods/479000/item/usgoods_64_479000_3x4.jpg,https://www.uniqlo.com/us/en/products/E479000-000/00,UNIQLO
4,uniqlo_E479000-000,COL67,bottoms,49.9,USD,https://image.uniqlo.com/UQ/ST3/us/imagesgoods/479000/item/usgoods_67_479000_3x4.jpg,https://www.uniqlo.com/us/en/products/E479000-000/00,UNIQLO
5,uniqlo_E479000-000,COL69,bottoms,49.9,USD,https://image.uniqlo.com/UQ/ST3/us/imagesgoods/479000/item/usgoods_69_479000_3x4.jpg,https://www.uniqlo.com/us/en/products/E479000-000/00,UNIQLO
6,uniqlo_E480740-000,COL00,bottoms,49.9,USD,https://image.uniqlo.com/UQ/ST3/WesternCommon/imagesgoods/480740/item/goods_00_480740_3x4.jpg,https://www.uniqlo.com/us/en/products/E480740-000/00,UNIQLO
7,uniqlo_E484807-000,COL08,bottoms,49.9,USD,https://image.uniqlo.com/UQ/ST3/us/imagesgoods/484807/item/usgoods_08_484807_3x4.jpg,https://www.uniqlo.com/us/en/products/E484807-000/00,UNIQLO
8,uniqlo_E484807-000,COL00,bottoms,49.9,USD,https://image.uniqlo.com/UQ/ST3/us/imagesgoods/484807/item/usgoods_00_484807_3x4.jpg,https://www.uniqlo.com/us/en/products/E484807-000/00,UNIQLO
9,uniqlo_E484807-000,COL67,bottoms,49.9,USD,https://image.uniqlo.com/UQ/ST3/us/imagesgoods/484807/item/usgoods_67_484807_3x4.jpg,https://www.uniqlo.com/us/en/products/E484807-000/00,UNIQLO
10,uniqlo_E484807-000,COL69,bottoms,49.9,USD,https://image.uniqlo.com/UQ/ST3/us/imagesgoods/484807/item/usgoods_69_484807_3x4.jpg,https://www.uniqlo.com/us/en/products/E484807-000/00,UNIQLO
11,uniqlo_E484810-000,COL09,bottoms,49.9,USD,https://image.uniqlo.com/UQ/ST3/us/imagesgoods/484810/item/usgoods_09_484810_3x4.jpg,https://www.uniqlo.com/us/en/products/E484810-000/00,UNIQLO
12,uniqlo_E483999-000,COL65,bottoms,49.9,USD,https://image.uniqlo.com/UQ/ST3/us/imagesgoods/483999/item/usgoods_65_483999_3x4.jpg,https://www.uniqlo.com/us/en/products/E483999-000/00,UNIQLO
13,uniqlo_E483999-000,COL30,bottoms,49.9,USD,https://image.uniqlo.com/UQ/ST3/us/imagesgoods/483999/item/usgoods_30_483999_3x4.jpg,https://www.uniqlo.com/us/en/products/E483999-000/00,UNIQLO
14,uniqlo_E483999-000,COL67,bottoms,49.9,USD,https://image.uniqlo.com/UQ/ST3/us/imagesgoods/483999/item/usgoods_67_483999_3x4.jpg,https://www.uniqlo.com/us/en/products/E483999-000/00,UNIQLO
15,uniqlo_E482279-000,COL62,bottoms,49.9,USD,https://image.uniqlo.com/UQ/ST3/us/imagesgoods/482279/item/usgoods_62_482279_3x4.jpg,https://www.uniqlo.com/us/en/products/E482279-000/00,UNIQLO
16,uniqlo_E482279-000,COL01,bottoms,49.9,USD,https://image.uniqlo.com/UQ/ST3/us/imagesgoods/482279/item/usgoods_01_482279_3x4.jpg,https://www.uniqlo.com/us/en/products/E482279-000/00,UNIQLO
17,uniqlo_E482279-000,COL65,bottoms,49.9,USD,https://image.uniqlo.com/UQ/ST3/us/imagesgoods/482279/item/usgoods_65_482279_3x4.jpg,https://www.uniqlo.com/us/en/products/E482279-000/00,UNIQLO
18,uniqlo_E482279-000,COL69,bottoms,49.9,USD,https://image.uniqlo.com/UQ/ST3/us/imagesgoods/482279/item/usgoods_69_482279_3x4.jpg,https://www.uniqlo.com/us/en/products/E482279-000/00,UNIQLO
19,uniqlo_E484812-000,COL62,bottoms,49.9,USD,https://image.uniqlo.com/UQ/ST3/us/imagesgoods/484812/item/usgoods_62_484812_3x4.jpg,https://www.uniqlo.com/us/en/products/E484812-000/00,UNIQLO
20,uniqlo_E485283-000,COL68,bottoms,49.9,USD,https://image.uniqlo.com/UQ/ST3/us/imagesgoods/485283/item/usgoods_68_485283_3x4.jpg,https://www.uniqlo.com/us/en/products/E485283-000/00,UNIQLO
21,uniqlo_E485283-000,COL66,bottoms,49.9,USD,https://image.uniqlo.com/UQ/ST3/WesternCommon/imagesgoods/485283/item/goods_66_485283_3x4.jpg,https://www.uniqlo.com/us/en/products/E485283-000/00,UNIQLO
22,uniqlo_E476209-000,COL69,bottoms,49.9,USD,https://image.uniqlo.com/UQ/ST3/us/imagesgoods/476209/item/usgoods_69_476209_3x4.jpg,https://www.uniqlo.com/us/en/products/E476209-000/00,UNIQLO
23,uniqlo_E476209-000,COL54,bottoms,49.9,USD,https://image.uniqlo.com/UQ/ST3/us/imagesgoods/476209/item/usgoods_54_476209_3x4.jpg,https://www.uniqlo.com/us/en/products/E476209-000/00,UNIQLO
24,uniqlo_E476209-000,COL63,bottoms,49.9,USD,https://image.uniqlo.com/UQ/ST3/us/imagesgoods/476209/item/usgoods_63_476209_3x4.jpg,https://www.uniqlo.com/us/en/products/E476209-000/00,UNIQLO
25,uniqlo_E476209-000,COL65,bottoms,49.9,USD,https://image.uniqlo.com/UQ/ST3/us/imagesgoods/476209/item/usgoods_65_476209_3x4.jpg,https://www.uniqlo.com/us/en/products/E476209-000/00,UNIQLO
26,uniqlo_E476209-000,COL67,bottoms,49.9,USD,https://image.uniqlo.com/UQ/ST3/us/imagesgoods/476209/item/usgoods_67_476209_3x4.jpg,https://www.uniqlo.com/us/en/products/E476209-000/00,UNIQLO
27,uniqlo_E485267-000,COL68,bottoms,49.9,USD,https://image.uniqlo.com/UQ/ST3/us/imagesgoods/485267/item/usgoods_68_485267_3x4.jpg,https://www.uniqlo.com/us/en/products/E485267-000/00,UNIQLO
28,uniqlo_E485267-000,COL66,bottoms,49.9,USD,https://image.uniqlo.com/UQ/ST3/us/imagesgoods/485267/item/usgoods_66_485267_3x4.jpg,https://www.uniqlo.com/us/en/products/E485267-000/00,UNIQLO
29,uniqlo_E482282-000,COL09,bottoms,49.9,USD,https://image.uniqlo.com/UQ/ST3/us/imagesgoods/482282/item/usgoods_09_482282_3x4.jpg,https://www.uniqlo.com/us/en/products/E482282-000/00,UNIQLO
30,uniqlo_E484430-000,COL09,bottoms,49.9,USD,https://image.uniqlo.com/UQ/ST3/us/imagesgoods/484430/item/usgoods_09_484430_3x4.jpg,https://www.uniqlo.com/us/en/products/E484430-000/00,UNIQLO
31,uniqlo_E484430-000,COL66,bottoms,49.9,USD,https://image.uniqlo.com/UQ/ST3/us/imagesgoods/484430/item/usgoods_66_484430_3x4.jpg,https://www.uniqlo.com/us/en/products/E484430-000/00,UNIQLO
32,uniqlo_E484430-000,COL69,bottoms,49.9,USD,https://image.uniqlo.com/UQ/ST3/us/imagesgoods/484430/item/usgoods_69_484430_3x4.jpg,https://www.uniqlo.com/us/en/products/E484430-000/00,UNIQLO
33,uniqlo_E475344-000,COL39,bottoms,49.9,USD,https://image.uniqlo.com/UQ/ST3/us/imagesgoods/475344/item/usgoods_39_475344_3x4.jpg,https://www.uniqlo.com/us/en/products/E475344-000/00,UNIQLO
34,uniqlo_E475344-000,COL01,bottoms,49.9,USD,https://image.uniqlo.com/UQ/ST3/us/imagesgoods/475344/item/usgoods_01_475344_3x4.jpg,https://www.uniqlo.com/us/en/products/E475344-000/00,UNIQLO
35,uniqlo_E475344-000,COL08,bottoms,49.9,USD,https://image.uniqlo.com/UQ/ST3/us/imagesgoods/475344/item/usgoods_08_475344_3x4.jpg,https://www.uniqlo.com/us/en/products/E475344-000/00,UNIQLO
36,uniqlo_E475344-000,COL09,bottoms,49.9,USD,https://image.uniqlo.com/UQ/ST3/us/imagesgoods/475344/item/usgoods_09_475344_3x4.jpg,https://www.uniqlo.com/us/en/products/E475344-000/00,UNIQLO
37,uniqlo_E477345-000,COL09,bottoms,49.9,USD,https://image.uniqlo.com/UQ/ST3/us/imagesgoods/477345/item/usgoods_09_477345_3x4.jpg,https://www.uniqlo.com/us/en/products/E477345-000/00,UNIQLO
38,uniqlo_E477345-000,COL01,bottoms,49.9,USD,https://image.uniqlo.com/UQ/ST3/us/imagesgoods/477345/item/usgoods_01_477345_3x4.jpg,https://www.uniqlo.com/us/en/products/E477345-000/00,UNIQLO
39,uniqlo_E477345-000,COL08,bottoms,49.9,USD,https://image.uniqlo.com/UQ/ST3/us/imagesgoods/477345/item/usgoods_08_477345_3x4.jpg,https://www.uniqlo.com/us/en/products/E477345-000/00,UNIQLO
40,uniqlo_E477345-000,COL39,bottoms,49.9,USD,https://image.uniqlo.com/UQ/ST3/us/imagesgoods/477345/item/usgoods_39_477345_3x4.jpg,https://www.uniqlo.com/us/en/products/E477345-000/00,UNIQLO
41,uniqlo_E478848-000,COL33,bottoms,14.9,USD,https://image.uniqlo.com/UQ/ST3/us/imagesgoods/478848/item/usgoods_33_478848_3x4.jpg,https://www.uniqlo.com/us/en/products/E478848-000/00,UNIQLO
42,uniqlo_E481369-000,COL69,bottoms,3.9,USD,https://image.uniqlo.com/UQ/ST3/us/imagesgoods/481369/item/usgoods_69_481369_3x4.jpg,https://www.uniqlo.com/us/en/products/E481369-000/00,UNIQLO
43,uniqlo_E473791-000,COL11,bottoms,39.9,USD,https://image.uniqlo.com/UQ/ST3/us/imagesgoods/473791/item/usgoods_11_473791_3x4.jpg,https://www.uniqlo.com/us/en/products/E473791-000/00,UNIQLO
44,uniqlo_E473791-000,COL09,bottoms,39.9,USD,https://image.uniqlo.com/UQ/ST3/us/imagesgoods/473791/item/usgoods_09_473791_3x4.jpg,https://www.uniqlo.com/us/en/products/E473791-000/00,UNIQLO
45,uniqlo_E473791-000,COL30,bottoms,39.9,USD,https://image.uniqlo.com/UQ/ST3/us/imagesgoods/473791/item/usgoods_30_473791_3x4.jpg,https://www.uniqlo.com/us/en/products/E473791-000/00,UNIQLO
46,uniqlo_E473791-000,COL32,bottoms,39.9,USD,https://image.uniqlo.com/UQ/ST3/us/imagesgoods/473791/item/usgoods_32_473791_3x4.jpg,https://www.uniqlo.com/us/en/products/E473791-000/00,UNIQLO
47,uniqlo_E473791-000,COL36,bottoms,39.9,USD,https://image.uniqlo.com/UQ/ST3/us/imagesgoods/473791/item/usgoods_36_473791_3x4.jpg,https://www.uniqlo.com/us/en/products/E473791-000/00,UNIQLO
48,uniqlo_E473791-000,COL50,bottoms,39.9,USD,https://image.uniqlo.com/UQ/ST3/us/imagesgoods/473791/item/usgoods_50_473791_3x4.jpg,https://www.uniqlo.com/us/en/products/E473791-000/00,UNIQLO
49,uniqlo_E473791-000,COL65,bottoms,39.9,USD,https://image.uniqlo.com/UQ/ST3/us/imagesgoods/473791/item/usgoods_65_473791_3x4.jpg,https://www.uniqlo.com/us/en/products/E473791-000/00,UNIQLO
50,uniqlo_E473791-000,COL69,bottoms,39.9,USD,https://image.uniqlo.com/UQ/ST3/us/imagesgoods/473791/item/usgoods_69_473791_3x4.jpg,https://www.uniqlo.com/us/en/products/E473791-000/00,UNIQLO
51,uniqlo_E484604-000,COL36,bottoms,39.9,USD,https://image.uniqlo.com/UQ/ST3/us/imagesgoods/484604/item/usgoods_36_484604_3x4.jpg,https://www.uniqlo.com/us/en/products/E484604-000/00,UNIQLO
52,uniqlo_E484604-000,COL66,bottoms,39.9,USD,https://image.uniqlo.com/UQ/ST3/us/imagesgoods/484604/item/usgoods_66_484604_3x4.jpg,https://www.uniqlo.com/us/en/products/E484604-000/00,UNIQLO
53,uniqlo_E484605-000,COL34,bottoms,39.9,USD,https://image.uniqlo.com/UQ/ST3/us/imagesgoods/484605/item/usgoods_34_484605_3x4.jpg,https://www.uniqlo.com/us/en/products/E484605-000/00,UNIQLO
54,uniqlo_E484605-000,COL62,bottoms,39.9,USD,https://image.uniqlo.com/UQ/ST3/us/imagesgoods/484605/item/usgoods_62_484605_3x4.jpg,https://www.uniqlo.com/us/en/products/E484605-000/00,UNIQLO
55,uniqlo_E483910-000,COL11,bottoms,39.9,USD,https://image.uniqlo.com/UQ/ST3/us/imagesgoods/483910/item/usgoods_11_483910_3x4.jpg,https://www.uniqlo.com/us/en/products/E483910-000/00,UNIQLO
56,uniqlo_E483910-000,COL61,bottoms,39.9,USD,https://image.uniqlo.com/UQ/ST3/us/imagesgoods/483910/item/usgoods_61_483910_3x4.jpg,https://www.uniqlo.com/us/en/products/E483910-000/00,UNIQLO
57,uniqlo_E483908-000,COL31,bottoms,39.9,USD,https://image.uniqlo.com/UQ/ST3/us/imagesgoods/483908/item/usgoods_31_483908_3x4.jpg,https://www.uniqlo.com/us/en/products/E483908-000/00,UNIQLO
58,uniqlo_E483908-000,COL68,bottoms,39.9,USD,https://image.uniqlo.com/UQ/ST3/us/imagesgoods/483908/item/usgoods_68_483908_3x4.jpg,https://www.uniqlo.com/us/en/products/E483908-000/00,UNIQLO
59,uniqlo_E482243-000,COL37,bottoms,39.9,USD,https://image.uniqlo.com/UQ/ST3/us/imagesgoods/482243/item/usgoods_37_482243_3x4.jpg,https://www.uniqlo.com/us/en/products/E482243-000/00,UNIQLO
60,uniqlo_E482243-000,COL09,bottoms,39.9,USD,https://image.uniqlo.com/UQ/ST3/us/imagesgoods/482243/item/usgoods_09_482243_3x4.jpg,https://www.uniqlo.com/us/en/products/E482243-000/00,UNIQLO
61,uniqlo_E482243-000,COL30,bottoms,39.9,USD,https://image.uniqlo.com/UQ/ST3/us/imagesgoods/482243/item/usgoods_30_482243_3x4.jpg,https://www.uniqlo.com/us/en/products/E482243-000/00,UNIQLO
62,uniqlo_E482243-000,COL32,bottoms,39.9,USD,https://image.uniqlo.com/UQ/ST3/us/imagesgoods/482243/item/usgoods_32_482243_3x4.jpg,https://www.uniqlo.com/us/en/products/E482243-000/00,UNIQLO
63,uniqlo_E482243-000,COL54,bottoms,39.9,USD,https://image.uniqlo.com/UQ/ST3/us/imagesgoods/482243/item/usgoods_54_482243_3x4.jpg,https://www.uniqlo.com/us/en/products/E482243-000/00,UNIQLO
64,uniqlo_E482245-000,COL55,bottoms,39.9,USD,https://image.uniqlo.com/UQ/ST3/us/imagesgoods/482245/item/usgoods_55_482245_3x4.jpg,https://www.uniqlo.com/us/en/products/E482245-000/00,UNIQLO
65,uniqlo_E482245-000,COL03,bottoms,39.9,USD,https://image.uniqlo.com/UQ/ST3/us/imagesgoods/482245/item/usgoods_03_482245_3x4.jpg,https://www.uniqlo.com/us/en/products/E482245-000/00,UNIQLO
66,uniqlo_E482245-000,COL09,bottoms,39.9,USD,https://image.uniqlo.com/UQ/ST3/us/imagesgoods/482245/item/usgoods_09_482245_3x4.jpg,https://www.uniqlo.com/us/en/products/E482245-000/00,UNIQLO
67,uniqlo_E482245-000,COL60,bottoms,39.9,USD,https://image.uniqlo.com/UQ/ST3/us/imagesgoods/482245/item/usgoods_60_482245_3x4.jpg,https://www.uniqlo.com/us/en/products/E482245-000/00,UNIQLO
68,uniqlo_E483896-000,COL65,bottoms,39.9,USD,https://image.uniqlo.com/UQ/ST3/us/imagesgoods/483896/item/usgoods_65_483896_3x4.jpg,https://www.uniqlo.com/us/en/products/E483896-000/00,UNIQLO
69,uniqlo_E483896-000,COL67,bottoms,39.9,USD,https://image.uniqlo.com/UQ/ST3/us/imagesgoods/483896/item/usgoods_67_483896_3x4.jpg,https://www.uniqlo.com/us/en/products/E483896-000/00,UNIQLO
70,uniqlo_E470173-000,COL03,bottoms,39.9,USD,https://image.uniqlo.com/UQ/ST3/us/imagesgoods/470173/item/usgoods_03_470173_3x4.jpg,https://www.uniqlo.com/us/en/products/E470173-000/00,UNIQLO
71,uniqlo_E470173-000,COL08,bottoms,39.9,USD,https://image.uniqlo.com/UQ/ST3/us/imagesgoods/470173/item/usgoods_08_470173_3x4.jpg,https://www.uniqlo.com/us/en/products/E470173-000/00,UNIQLO
72,uniqlo_E470173-000,COL09,bottoms,39.9,USD,https://image.uniqlo.com/UQ/ST3/us/imagesgoods/470173/item/usgoods_09_470173_3x4.jpg,https://www.uniqlo.com/us/en/products/E470173-000/00,UNIQLO
73,uniqlo_E470173-000,COL30,bottoms,39.9,USD,https://image.uniqlo.com/UQ/ST3/us/imagesgoods/470173/item/usgoods_30_470173_3x4.jpg,https://www.uniqlo.com/us/en/products/E470173-000/00,UNIQLO
74,uniqlo_E470173-000,COL64,bottoms,39.9,USD,https://image.uniqlo.com/UQ/ST3/us/imagesgoods/470173/item/usgoods_64_470173_3x4.jpg,https://www.uniqlo.com/us/en/products/E470173-000/00,UNIQLO
75,uniqlo_E470173-000,COL69,bottoms,39.9,USD,https://image.uniqlo.com/UQ/ST3/us/imagesgoods/470173/item/usgoods_69_470173_3x4.jpg,https://www.uniqlo.com/us/en/products/E470173-000/00,UNIQLO
76,uniqlo_E479399-000,COL38,bottoms,9.9,USD,https://image.uniqlo.com/UQ/ST3/us/imagesgoods/479399/item/usgoods_38_479399_3x4.jpg,https://www.uniqlo.com/us/en/products/E479399-000/00,UNIQLO
77,uniqlo_E479620-000,COL01,bottoms,39.9,USD,https://image.uniqlo.com/UQ/ST3/us/imagesgoods/479620/item/usgoods_01_479620_3x4.jpg,https://www.uniqlo.com/us/en/products/E479620-000/00,UNIQLO
78,uniqlo_E479620-000,COL03,bottoms,39.9,USD,https://image.uniqlo.com/UQ/ST3/us/imagesgoods/479620/item/usgoods_03_479620_3x4.jpg,https://www.uniqlo.com/us/en/products/E479620-000/00,UNIQLO
79,uniqlo_E479620-000,COL09,bottoms,39.9,USD,https://image.uniqlo.com/UQ/ST3/us/imagesgoods/479620/item/usgoods_09_479620_3x4.jpg,https://www.uniqlo.com/us/en/products/E479620-000/00,UNIQLO
80,uniqlo_E479620-000,COL10,bottoms,39.9,USD,https://image.uniqlo.com/UQ/ST3/us/imagesgoods/479620/item/usgoods_10_479620_3x4.jpg,https://www.uniqlo.com/us/en/products/E479620-000/00,UNIQLO
81,uniqlo_E479620-000,COL39,bottoms,39.9,USD,https://image.uniqlo.com/UQ/ST3/us/imagesgoods/479620/item/usgoods_39_479620_3x4.jpg,https://www.uniqlo.com/us/en/products/E479620-000/00,UNIQLO
82,uniqlo_E479620-000,COL59,bottoms,39.9,USD,https://image.uniqlo.com/UQ/ST3/us/imagesgoods/479620/item/usgoods_59_479620_3x4.jpg,https://www.uniqlo.com/us/en/products/E479620-000/00,UNIQLO
83,uniqlo_E474481-000,COL08,bottoms,39.9,USD,https://image.uniqlo.com/UQ/ST3/us/imagesgoods/474481/item/usgoods_08_474481_3x4.jpg,https://www.uniqlo.com/us/en/products/E474481-000/00,UNIQLO
84,uniqlo_E474481-000,COL09,bottoms,39.9,USD,https://image.uniqlo.com/UQ/ST3/us/imagesgoods/474481/item/usgoods_09_474481_3x4.jpg,https://www.uniqlo.com/us/en/products/E474481-000/00,UNIQLO
85,uniqlo_E474481-000,COL32,bottoms,39.9,USD,https://image.uniqlo.com/UQ/ST3/us/imagesgoods/474481/item/usgoods_32_474481_3x4.jpg,https://www.uniqlo.com/us/en/products/E474481-000/00,UNIQLO
86,uniqlo_E474481-000,COL39,bottoms,39.9,USD,https://image.uniqlo.com/UQ/ST3/us/imagesgoods/474481/item/usgoods_39_474481_3x4.jpg,https://www.uniqlo.com/us/en/products/E474481-000/00,UNIQLO
87,uniqlo_E481248-000,COL01,bottoms,39.9,USD,https://image.uniqlo.com/UQ/ST3/us/imagesgoods/481248/item/usgoods_01_481248_3x4.jpg,https://www.uniqlo.com/us/en/products/E481248-000/00,UNIQLO
88,uniqlo_E481248-000,COL03,bottoms,39.9,USD,https://image.uniqlo.com/UQ/ST3/us/imagesgoods/481248/item/usgoods_03_481248_3x4.jpg,https://www.uniqlo.com/us/en/products/E481248-000/00,UNIQLO
89,uniqlo_E481248-000,COL10,bottoms,39.9,USD,https://image.uniqlo.com/UQ/ST3/us/imagesgoods/481248/item/usgoods_10_481248_3x4.jpg,https://www.uniqlo.com/us/en/products/E481248-000/00,UNIQLO
90,uniqlo_E476108-000,COL03,bottoms,39.9,USD,https://image.uniqlo.com/UQ/ST3/us/imagesgoods/476108/item/usgoods_03_476108_3x4.jpg,https://www.uniqlo.com/us/en/products/E476108-000/00,UNIQLO
91,uniqlo_E476108-000,COL01,bottoms,39.9,USD,https://image.uniqlo.com/UQ/ST3/us/imagesgoods/476108/item/usgoods_01_476108_3x4.jpg,https://www.uniqlo.com/us/en/products/E476108-000/00,UNIQLO
92,uniqlo_E476108-000,COL09,bottoms,39.9,USD,https://image.uniqlo.com/UQ/ST3/WesternCommon/imagesgoods/476108/item/goods_09_476108_3x4.jpg,https://www.uniqlo.com/us/en/products/E476108-000/00,UNIQLO
93,uniqlo_E455942-000,COL07,bottoms,29.9,USD,https://image.uniqlo.com/UQ/ST3/us/imagesgoods/455942/item/usgoods_07_455942_3x4.jpg,https://www.uniqlo.com/us/en/products/E455942-000/00,UNIQLO
94,uniqlo_E455942-000,COL09,bottoms,29.9,USD,https://image.uniqlo.com/UQ/ST3/us/imagesgoods/455942/item/usgoods_09_455942_3x4.jpg,https://www.uniqlo.com/us/en/products/E455942-000/00,UNIQLO
95,uniqlo_E455942-000,COL30,bottoms,29.9,USD,https://image.uniqlo.com/UQ/ST3/us/imagesgoods/455942/item/usgoods_30_455942_3x4.jpg,https://www.uniqlo.com/us/en/products/E455942-000/00,UNIQLO
96,uniqlo_E455942-000,COL69,bottoms,29.9,USD,https://image.uniqlo.com/UQ/ST3/us/imagesgoods/455942/item/usgoods_69_455942_3x4.jpg,https://www.uniqlo.com/us/en/products/E455942-000/00,UNIQLO
97,uniqlo_E483296-000,COL08,bottoms,29.9,USD,https://image.uniqlo.com/UQ/ST3/us/imagesgoods/483296/item/usgoods_08_483296_3x4.jpg,https://www.uniqlo.com/us/en/products/E483296-000/00,UNIQLO
98,uniqlo_E483296-000,COL09,bottoms,29.9,USD,https://image.uniqlo.com/UQ/ST3/us/imagesgoods/483296/item/usgoods_09_483296_3x4.jpg,https://www.uniqlo.com/us/en/products/E483296-000/00,UNIQLO
99,uniqlo_E483296-000,COL39,bottoms,29.9,USD,https://image.uniqlo.com/UQ/ST3/us/imagesgoods/483296/item/usgoods_39_483296_3x4.jpg,https://www.uniqlo.com/us/en/products/E483296-000/00,UNIQLO
100,uniqlo_E479617-000,COL01,bottoms,19.9,USD,https://image.uniqlo.com/UQ/ST3/us/imagesgoods/479617/item/usgoods_01_479617_3x4.jpg,https://www.uniqlo.com/us/en/products/E479617-000/00,UNIQLO
101,uniqlo_E479617-000,COL58,bottoms,19.9,USD,https://image.uniqlo.com/UQ/ST3/us/imagesgoods/479617/item/usgoods_58_479617_3x4.jpg,https://www.uniqlo.com/us/en/products/E479617-000/00,UNIQLO
102,uniqlo_E479405-000,COL30,bottoms,19.9,USD,https://image.uniqlo.com/UQ/ST3/us/imagesgoods/479405/item/usgoods_30_479405_3x4.jpg,https://www.uniqlo.com/us/en/products/E479405-000/00,UNIQLO
103,uniqlo_E483305-000,COL01,bottoms,49.9,USD,https://image.uniqlo.com/UQ/ST3/us/imagesgoods/483305/item/usgoods_01_483305_3x4.jpg,https://www.uniqlo.com/us/en/products/E483305-000/00,UNIQLO
104,uniqlo_E483305-000,COL09,bottoms,49.9,USD,https://image.uniqlo.com/UQ/ST3/us/imagesgoods/483305/item/usgoods_09_483305_3x4.jpg,https://www.uniqlo.com/us/en/products/E483305-000/00,UNIQLO
105,uniqlo_E483305-000,COL32,bottoms,49.9,USD,https://image.uniqlo.com/UQ/ST3/us/imagesgoods/483305/item/usgoods_32_483305_3x4.jpg,https://www.uniqlo.com/us/en/products/E483305-000/00,UNIQLO
106,uniqlo_E483305-000,COL57,bottoms,49.9,USD,https://image.uniqlo.com/UQ/ST3/us/imagesgoods/483305/item/usgoods_57_483305_3x4.jpg,https://www.uniqlo.com/us/en/products/E483305-000/00,UNIQLO
107,uniqlo_E483305-000,COL68,bottoms,49.9,USD,https://image.uniqlo.com/UQ/ST3/us/imagesgoods/483305/item/usgoods_68_483305_3x4.jpg,https://www.uniqlo.com/us/en/products/E483305-000/00,UNIQLO
108,uniqlo_E483306-000,COL00,bottoms,49.9,USD,https://image.uniqlo.com/UQ/ST3/us/imagesgoods/483306/item/usgoods_00_483306_3x4.jpg,https://www.uniqlo.com/us/en/products/E483306-000/00,UNIQLO
109,uniqlo_E483306-000,COL69,bottoms,49.9,USD,https://image.uniqlo.com/UQ/ST3/us/imagesgoods/483306/item/usgoods_69_483306_3x4.jpg,https://www.uniqlo.com/us/en/products/E483306-000/00,UNIQLO
110,uniqlo_E465185-000,COL69,tops,24.9,USD,https://image.uniqlo.com/UQ/ST3/us/imagesgoods/465185/item/usgoods_69_465185_3x4.jpg,https://www.uniqlo.com/us/en/products/E465185-000/00,UNIQLO
111,uniqlo_E465185-000,COL00,tops,24.9,USD,https://image.uniqlo.com/UQ/ST3/us/imagesgoods/465185/item/usgoods_00_465185_3x4.jpg,https://www.uniqlo.com/us/en/products/E465185-000/00,UNIQLO
112,uniqlo_E465185-000,COL02,tops,24.9,USD,https://image.uniqlo.com/UQ/ST3/us/imagesgoods/465185/item/usgoods_02_465185_3x4.jpg,https://www.uniqlo.com/us/en/products/E465185-000/00,UNIQLO
113,uniqlo_E465185-000,COL07,tops,24.9,USD,https://image.uniqlo.com/UQ/ST3/us/imagesgoods/465185/item/usgoods_07_465185_3x4.jpg,https://www.uniqlo.com/us/en/products/E465185-000/00,UNIQLO
114,uniqlo_E465185-000,COL09,tops,24.9,USD,https://image.uniqlo.com/UQ/ST3/us/imagesgoods/465185/item/usgoods_09_465185_3x4.jpg,https://www.uniqlo.com/us/en/products/E465185-000/00,UNIQLO
115,uniqlo_E465185-000,COL11,tops,24.9,USD,https://image.uniqlo.com/UQ/ST3/us/imagesgoods/465185/item/usgoods_11_465185_3x4.jpg,https://www.uniqlo.com/us/en/products/E465185-000/00,UNIQLO
116,uniqlo_E465185-000,COL12,tops,24.9,USD,https://image.uniqlo.com/UQ/ST3/us/imagesgoods/465185/item/usgoods_12_465185_3x4.jpg,https://www.uniqlo.com/us/en/products/E465185-000/00,UNIQLO
117,uniqlo_E465185-000,COL15,tops,24.9,USD,https://image.uniqlo.com/UQ/ST3/us/imagesgoods/465185/item/usgoods_15_465185_3x4.jpg,https://www.uniqlo.com/us/en/products/E465185-000/00,UNIQLO
118,uniqlo_E465185-000,COL35,tops,24.9,USD,https://image.uniqlo.com/UQ/ST3/us/imagesgoods/465185/item/usgoods_35_465185_3x4.jpg,https://www.uniqlo.com/us/en/products/E465185-000/00,UNIQLO
119,uniqlo_E465185-000,COL50,tops,24.9,USD,https://image.uniqlo.com/UQ/ST3/us/imagesgoods/465185/item/usgoods_50_465185_3x4.jpg,https://www.uniqlo.com/us/en/products/E465185-000/00,UNIQLO
120,uniqlo_E465185-000,COL53,tops,24.9,USD,https://image.uniqlo.com/UQ/ST3/us/imagesgoods/465185/item/usgoods_53_465185_3x4.jpg,https://www.uniqlo.com/us/en/products/E465185-000/00,UNIQLO
121,uniqlo_E465185-000,COL58,tops,24.9,USD,https://image.uniqlo.com/UQ/ST3/us/imagesgoods/465185/item/usgoods_58_465185_3x4.jpg,https://www.uniqlo.com/us/en/products/E465185-000/00,UNIQLO
122,uniqlo_E465185-000,COL64,tops,24.9,USD,https://image.uniqlo.com/UQ/ST3/us/imagesgoods/465185/item/usgoods_64_465185_3x4.jpg,https://www.uniqlo.com/us/en/products/E465185-000/00,UNIQLO
123,uniqlo_E465185-000,COL66,tops,24.9,USD,https://image.uniqlo.com/UQ/ST3/us/imagesgoods/465185/item/usgoods_66_465185_3x4.jpg,https://www.uniqlo.com/us/en/products/E465185-000/00,UNIQLO
124,uniqlo_E465185-000,COL70,tops,24.9,USD,https://image.uniqlo.com/UQ/ST3/us/imagesgoods/465185/item/usgoods_70_465185_3x4.jpg,https://www.uniqlo.com/us/en/products/E465185-000/00,UNIQLO
125,uniqlo_E465185-000,COL57,tops,14.9,USD,https://image.uniqlo.com/UQ/ST3/us/imagesgoods/465185/item/usgoods_57_465185_3x4.jpg,https://www.uniqlo.com/us/en/products/E465185-000/01,UNIQLO
126,uniqlo_E465185-000,COL67,tops,14.9,USD,https://image.uniqlo.com/UQ/ST3/us/imagesgoods/465185/item/usgoods_67_465185_3x4.jpg,https://www.uniqlo.com/us/en/products/E465185-000/01,UNIQLO
127,uniqlo_E465185-000,COL19,tops,9.9,USD,https://image.uniqlo.com/UQ/ST3/us/imagesgoods/465185/item/usgoods_19_465185_3x4.jpg,https://www.uniqlo.com/us/en/products/E465185-000/02,UNIQLO
128,uniqlo_E465185-000,COL34,tops,9.9,USD,https://image.uniqlo.com/UQ/ST3/us/imagesgoods/465185/item/usgoods_34_465185_3x4.jpg,https://www.uniqlo.com/us/en/products/E465185-000/02,UNIQLO
129,uniqlo_E465185-000,COL41,tops,9.9,USD,https://image.uniqlo.com/UQ/ST3/us/imagesgoods/465185/item/usgoods_41_465185_3x4.jpg,https://www.uniqlo.com/us/en/products/E465185-000/02,UNIQLO
130,uniqlo_E465193-000,COL11,tops,29.9,USD,https://image.uniqlo.com/UQ/ST3/us/imagesgoods/465193/item/usgoods_11_465193_3x4.jpg,https://www.uniqlo.com/us/en/products/E465193-000/00,UNIQLO
131,uniqlo_E465193-000,COL00,tops,29.9,USD,https://image.uniqlo.com/UQ/ST3/us/imagesgoods/465193/item/usgoods_00_465193_3x4.jpg,https://www.uniqlo.com/us/en/products/E465193-000/00,UNIQLO
132,uniqlo_E465193-000,COL08,tops,29.9,USD,https://image.uniqlo.com/UQ/ST3/us/imagesgoods/465193/item/usgoods_08_465193_3x4.jpg,https://www.uniqlo.com/us/en/products/E465193-000/00,UNIQLO
133,uniqlo_E465193-000,COL09,tops,29.9,USD,https://image.uniqlo.com/UQ/ST3/us/imagesgoods/465193/item/usgoods_09_465193_3x4.jpg,https://www.uniqlo.com/us/en/products/E465193-000/00,UNIQLO
134,uniqlo_E465193-000,COL52,tops,29.9,USD,https://image.uniqlo.com/UQ/ST3/us/imagesgoods/465193/item/usgoods_52_465193_3x4.jpg,https://www.uniqlo.com/us/en/products/E465193-000/00,UNIQLO
135,uniqlo_E465193-000,COL68,tops,29.9,USD,https://image.uniqlo.com/UQ/ST3/us/imagesgoods/465193/item/usgoods_68_465193_3x4.jpg,https://www.uniqlo.com/us/en/products/E465193-000/00,UNIQLO
136,uniqlo_E465193-000,COL70,tops,29.9,USD,https://image.uniqlo.com/UQ/ST3/us/imagesgoods/465193/item/usgoods_70_465193_3x4.jpg,https://www.uniqlo.com/us/en/products/E465193-000/00,UNIQLO
137,uniqlo_E465193-000,COL30,tops,9.9,USD,https://image.uniqlo.com/UQ/ST3/us/imagesgoods/465193/item/usgoods_30_465193_3x4.jpg,https://www.uniqlo.com/us/en/products/E465193-000/01,UNIQLO
138,uniqlo_E465193-000,COL58,tops,9.9,USD,https://image.uniqlo.com/UQ/ST3/us/imagesgoods/465193/item/usgoods_58_465193_3x4.jpg,https://www.uniqlo.com/us/en/products/E465193-000/01,UNIQLO
139,uniqlo_E465193-000,COL77,tops,9.9,USD,https://image.uniqlo.com/UQ/ST3/us/imagesgoods/465193/item/usgoods_77_465193_3x4.jpg,https://www.uniqlo.com/us/en/products/E465193-000/01,UNIQLO
140,uniqlo_E422992-000,COL23,tops,24.9,USD,https://image.uniqlo.com/UQ/ST3/us/imagesgoods/422992/item/usgoods_23_422992_3x4.jpg,https://www.uniqlo.com/us/en/products/E422992-000/00,UNIQLO
141,uniqlo_E422992-000,COL00,tops,24.9,USD,https://image.uniqlo.com/UQ/ST3/us/imagesgoods/422992/item/usgoods_00_422992_3x4.jpg,https://www.uniqlo.com/us/en/products/E422992-000/00,UNIQLO
142,uniqlo_E422992-000,COL03,tops,24.9,USD,https://image.uniqlo.com/UQ/ST3/us/imagesgoods/422992/item/usgoods_03_422992_3x4.jpg,https://www.uniqlo.com/us/en/products/E422992-000/00,UNIQLO
143,uniqlo_E422992-000,COL07,tops,24.9,USD,https://image.uniqlo.com/UQ/ST3/us/imagesgoods/422992/item/usgoods_07_422992_3x4.jpg,https://www.uniqlo.com/us/en/products/E422992-000/00,UNIQLO
144,uniqlo_E422992-000,COL09,tops,24.9,USD,https://image.uniqlo.com/UQ/ST3/us/imagesgoods/422992/item/usgoods_09_422992_3x4.jpg,https://www.uniqlo.com/us/en/products/E422992-000/00,UNIQLO
145,uniqlo_E422992-000,COL38,tops,24.9,USD,https://image.uniqlo.com/UQ/ST3/us/imagesgoods/422992/item/usgoods_38_422992_3x4.jpg,https://www.uniqlo.com/us/en/products/E422992-000/00,UNIQLO
146,uniqlo_E422992-000,COL40,tops,24.9,USD,https://image.uniqlo.com/UQ/ST3/us/imagesgoods/422992/item/usgoods_40_422992_3x4.jpg,https://www.uniqlo.com/us/en/products/E422992-000/00,UNIQLO
147,uniqlo_E422992-000,COL53,tops,24.9,USD,https://image.uniqlo.com/UQ/ST3/us/imagesgoods/422992/item/usgoods_53_422992_3x4.jpg,https://www.uniqlo.com/us/en/products/E422992-000/00,UNIQLO
148,uniqlo_E422992-000,COL63,tops,24.9,USD,https://image.uniqlo.com/UQ/ST3/us/imagesgoods/422992/item/usgoods_63_422992_3x4.jpg,https://www.uniqlo.com/us/en/products/E422992-000/00,UNIQLO
149,uniqlo_E422992-000,COL66,tops,24.9,USD,https://image.uniqlo.com/UQ/ST3/us/imagesgoods/422992/item/usgoods_66_422992_3x4.jpg,https://www.uniqlo.com/us/en/products/E422992-000/00,UNIQLO
150,uniqlo_E422992-000,COL73,tops,24.9,USD,https://image.uniqlo.com/UQ/ST3/us/imagesgoods/422992/item/usgoods_73_422992_3x4.jpg,https://www.uniqlo.com/us/en/products/E422992-000/00,UNIQLO
151,uniqlo_E422992-000,COL75,tops,24.9,USD,https://image.uniqlo.com/UQ/ST3/us/imagesgoods/422992/item/usgoods_75_422992_3x4.jpg,https://www.uniqlo.com/us/en/products/E422992-000/00,UNIQLO
152,uniqlo_E422992-000,COL30,tops,9.9,USD,https://image.uniqlo.com/UQ/ST3/us/imagesgoods/422992/item/usgoods_30_422992_3x4.jpg,https://www.uniqlo.com/us/en/products/E422992-000/02,UNIQLO
153,uniqlo_E422992-000,COL35,tops,9.9,USD,https://image.uniqlo.com/UQ/ST3/us/imagesgoods/422992/item/usgoods_35_422992_3x4.jpg,https://www.uniqlo.com/us/en/products/E422992-000/02,UNIQLO
154,uniqlo_E422992-000,COL56,tops,14.9,USD,https://image.uniqlo.com/UQ/ST3/us/imagesgoods/422992/item/usgoods_56_422992_3x4.jpg,https://www.uniqlo.com/us/en/products/E422992-000/01,UNIQLO
155,uniqlo_E422992-000,COL39,tops,14.9,USD,https://image.uniqlo.com/UQ/ST3/us/imagesgoods/422992/item/usgoods_39_422992_3x4.jpg,https://www.uniqlo.com/us/en/products/E422992-000/01,UNIQLO
156,uniqlo_E422992-000,COL67,tops,14.9,USD,https://image.uniqlo.com/UQ/ST3/us/imagesgoods/422992/item/usgoods_67_422992_3x4.jpg,https://www.uniqlo.com/us/en/products/E422992-000/01,UNIQLO
157,uniqlo_E474244-000,COL07,tops,14.9,USD,https://image.uniqlo.com/UQ/ST3/us/imagesgoods/474244/item/usgoods_07_474244_3x4.jpg,https://www.uniqlo.com/us/en/products/E474244-000/00,UNIQLO
158,uniqlo_E474244-000,COL00,tops,14.9,USD,https://image.uniqlo.com/UQ/ST3/WesternCommon/imagesgoods/474244/item/goods_00_474244_3x4.jpg,https://www.uniqlo.com/us/en/products/E474244-000/00,UNIQLO
159,uniqlo_E474244-000,COL09,tops,14.9,USD,https://image.uniqlo.com/UQ/ST3/us/imagesgoods/474244/item/usgoods_09_474244_3x4.jpg,https://www.uniqlo.com/us/en/products/E474244-000/00,UNIQLO
160,uniqlo_E474244-000,COL57,tops,14.9,USD,https://image.uniqlo.com/UQ/ST3/WesternCommon/imagesgoods/474244/item/goods_57_474244_3x4.jpg,https://www.uniqlo.com/us/en/products/E474244-000/00,UNIQLO
161,uniqlo_E474244-000,COL69,tops,14.9,USD,https://image.uniqlo.com/UQ/ST3/us/imagesgoods/474244/item/usgoods_69_474244_3x4.jpg,https://www.uniqlo.com/us/en/products/E474244-000/00,UNIQLO
162,uniqlo_E457517-000,COL00,tops,19.9,USD,https://image.uniqlo.com/UQ/ST3/us/imagesgoods/457517/item/usgoods_00_457517_3x4.jpg,https://www.uniqlo.com/us/en/products/E457517-000/00,UNIQLO
163,uniqlo_E457517-000,COL07,tops,19.9,USD,https://image.uniqlo.com/UQ/ST3/us/imagesgoods/457517/item/usgoods_07_457517_3x4.jpg,https://www.uniqlo.com/us/en/products/E457517-000/00,UNIQLO
164,uniqlo_E457517-000,COL09,tops,19.9,USD,https://image.uniqlo.com/UQ/ST3/us/imagesgoods/457517/item/usgoods_09_457517_3x4.jpg,https://www.uniqlo.com/us/en/products/E457517-000/00,UNIQLO
165,uniqlo_E457517-000,COL11,tops,19.9,USD,https://image.uniqlo.com/UQ/ST3/us/imagesgoods/457517/item/usgoods_11_457517_3x4.jpg,https://www.uniqlo.com/us/en/products/E457517-000/00,UNIQLO
166,uniqlo_E457517-000,COL53,tops,19.9,USD,https://image.uniqlo.com/UQ/ST3/us/imagesgoods/457517/item/usgoods_53_457517_3x4.jpg,https://www.uniqlo.com/us/en/products/E457517-000/00,UNIQLO
167,uniqlo_E457517-000,COL68,tops,19.9,USD,https://image.uniqlo.com/UQ/ST3/us/imagesgoods/457517/item/usgoods_68_457517_3x4.jpg,https://www.uniqlo.com/us/en/products/E457517-000/00,UNIQLO
168,uniqlo_E455365-000,COL68,tops,24.9,USD,https://image.uniqlo.com/UQ/ST3/us/imagesgoods/455365/item/usgoods_68_455365_3x4.jpg,https://www.uniqlo.com/us/en/products/E455365-000/00,UNIQLO
169,uniqlo_E455365-000,COL00,tops,24.9,USD,https://image.uniqlo.com/UQ/ST3/us/imagesgoods/455365/item/usgoods_00_455365_3x4.jpg,https://www.uniqlo.com/us/en/products/E455365-000/00,UNIQLO
170,uniqlo_E455365-000,COL02,tops,24.9,USD,https://image.uniqlo.com/UQ/ST3/us/imagesgoods/455365/item/usgoods_02_455365_3x4.jpg,https://www.uniqlo.com/us/en/products/E455365-000/00,UNIQLO
171,uniqlo_E455365-000,COL04,tops,24.9,USD,https://image.uniqlo.com/UQ/ST3/us/imagesgoods/455365/item/usgoods_04_455365_3x4.jpg,https://www.uniqlo.com/us/en/products/E455365-000/00,UNIQLO
172,uniqlo_E455365-000,COL07,tops,24.9,USD,https://image.uniqlo.com/UQ/ST3/us/imagesgoods/455365/item/usgoods_07_455365_3x4.jpg,https://www.uniqlo.com/us/en/products/E455365-000/00,UNIQLO
173,uniqlo_E455365-000,COL09,tops,24.9,USD,https://image.uniqlo.com/UQ/ST3/us/imagesgoods/455365/item/usgoods_09_455365_3x4.jpg,https://www.uniqlo.com/us/en/products/E455365-000/00,UNIQLO
174,uniqlo_E455365-000,COL12,tops,24.9,USD,https://image.uniqlo.com/UQ/ST3/us/imagesgoods/455365/item/usgoods_12_455365_3x4.jpg,https://www.uniqlo.com/us/en/products/E455365-000/00,UNIQLO
175,uniqlo_E455365-000,COL18,tops,24.9,USD,https://image.uniqlo.com/UQ/ST3/us/imagesgoods/455365/item/usgoods_18_455365_3x4.jpg,https://www.uniqlo.com/us/en/products/E455365-000/00,UNIQLO
176,uniqlo_E455365-000,COL51,tops,24.9,USD,https://image.uniqlo.com/UQ/ST3/us/imagesgoods/455365/item/usgoods_51_455365_3x4.jpg,https://www.uniqlo.com/us/en/products/E455365-000/00,UNIQLO
177,uniqlo_E455365-000,COL63,tops,24.9,USD,https://image.uniqlo.com/UQ/ST3/us/imagesgoods/455365/item/usgoods_63_455365_3x4.jpg,https://www.uniqlo.com/us/en/products/E455365-000/00,UNIQLO
178,uniqlo_E455365-000,COL58,tops,9.9,USD,https://image.uniqlo.com/UQ/ST3/us/imagesgoods/455365/item/usgoods_58_455365_3x4.jpg,https://www.uniqlo.com/us/en/products/E455365-000/01,UNIQLO
179,uniqlo_E455365-000,COL00,tops,9.9,USD,https://image.uniqlo.com/UQ/ST3/us/imagesgoods/455365/item/usgoods_00_455365_3x4.jpg,https://www.uniqlo.com/us/en/products/E455365-000/01,UNIQLO
180,uniqlo_E455365-000,COL07,tops,9.9,USD,https://image.uniqlo.com/UQ/ST3/us/imagesgoods/455365/item/usgoods_07_455365_3x4.jpg,https://www.uniqlo.com/us/en/products/E455365-000/01,UNIQLO
181,uniqlo_E455365-000,COL38,tops,9.9,USD,https://image.uniqlo.com/UQ/ST3/us/imagesgoods/455365/item/usgoods_38_455365_3x4.jpg,https://www.uniqlo.com/us/en/products/E455365-000/01,UNIQLO
182,uniqlo_E455365-000,COL50,tops,9.9,USD,https://image.uniqlo.com/UQ/ST3/us/imagesgoods/455365/item/usgoods_50_455365_3x4.jpg,https://www.uniqlo.com/us/en/products/E455365-000/01,UNIQLO
183,uniqlo_E455365-000,COL56,tops,9.9,USD,https://image.uniqlo.com/UQ/ST3/us/imagesgoods/455365/item/usgoods_56_455365_3x4.jpg,https://www.uniqlo.com/us/en/products/E455365-000/01,UNIQLO
184,uniqlo_E455365-000,COL65,tops,9.9,USD,https://image.uniqlo.com/UQ/ST3/us/imagesgoods/455365/item/usgoods_65_455365_3x4.jpg,https://www.uniqlo.com/us/en/products/E455365-000/01,UNIQLO
185,uniqlo_E455365-000,COL69,tops,9.9,USD,https://image.uniqlo.com/UQ/ST3/us/imagesgoods/455365/item/usgoods_69_455365_3x4.jpg,https://www.uniqlo.com/us/en/products/E455365-000/01,UNIQLO
186,uniqlo_E487302-000,COL04,tops,24.9,USD,https://image.uniqlo.com/UQ/ST3/us/imagesgoods/487302/item/usgoods_04_487302_3x4.jpg,https://www.uniqlo.com/us/en/products/E487302-000/00,UNIQLO
187,uniqlo_E487302-000,COL00,tops,24.9,USD,https://image.uniqlo.com/UQ/ST3/us/imagesgoods/487302/item/usgoods_00_487302_3x4.jpg,https://www.uniqlo.com/us/en/products/E487302-000/00,UNIQLO
188,uniqlo_E487302-000,COL09,tops,24.9,USD,https://image.uniqlo.com/UQ/ST3/us/imagesgoods/487302/item/usgoods_09_487302_3x4.jpg,https://www.uniqlo.com/us/en/products/E487302-000/00,UNIQLO
189,uniqlo_E487302-000,COL17,tops,24.9,USD,https://image.uniqlo.com/UQ/ST3/us/imagesgoods/487302/item/usgoods_17_487302_3x4.jpg,https://www.uniqlo.com/us/en/products/E487302-000/00,UNIQLO
190,uniqlo_E487302-000,COL32,tops,24.9,USD,https://image.uniqlo.com/UQ/ST3/us/imagesgoods/487302/item/usgoods_32_487302_3x4.jpg,https://www.uniqlo.com/us/en/products/E487302-000/00,UNIQLO
191,uniqlo_E487302-000,COL58,tops,24.9,USD,https://image.uniqlo.com/UQ/ST3/us/imagesgoods/487302/item/usgoods_58_487302_3x4.jpg,https://www.uniqlo.com/us/en/products/E487302-000/00,UNIQLO
192,uniqlo_E487302-000,COL68,tops,24.9,USD,https://image.uniqlo.com/UQ/ST3/us/imagesgoods/487302/item/usgoods_68_487302_3x4.jpg,https://www.uniqlo.com/us/en/products/E487302-000/00,UNIQLO
193,uniqlo_E482514-000,COL00,tops,14.9,USD,https://image.uniqlo.com/UQ/ST3/us/imagesgoods/482514/item/usgoods_00_482514_3x4.jpg,https://www.uniqlo.com/us/en/products/E482514-000/00,UNIQLO
194,uniqlo_E482514-000,COL09,tops,14.9,USD,https://image.uniqlo.com/UQ/ST3/us/imagesgoods/482514/item/usgoods_09_482514_3x4.jpg,https://www.uniqlo.com/us/en/products/E482514-000/00,UNIQLO
195,uniqlo_E482514-000,COL69,tops,14.9,USD,https://image.uniqlo.com/UQ/ST3/us/imagesgoods/482514/item/usgoods_69_482514_3x4.jpg,https://www.uniqlo.com/us/en/products/E482514-000/00,UNIQLO
196,uniqlo_E483924-000,COL00,tops,24.9,USD,https://image.uniqlo.com/UQ/ST3/us/imagesgoods/483924/item/usgoods_00_483924_3x4.jpg,https://www.uniqlo.com/us/en/products/E483924-000/00,UNIQLO
197,uniqlo_E483924-000,COL09,tops,24.9,USD,https://image.uniqlo.com/UQ/ST3/us/imagesgoods/483924/item/usgoods_09_483924_3x4.jpg,https://www.uniqlo.com/us/en/products/E483924-000/00,UNIQLO
198,uniqlo_E483924-000,COL30,tops,24.9,USD,https://image.uniqlo.com/UQ/ST3/us/imagesgoods/483924/item/usgoods_30_483924_3x4.jpg,https://www.uniqlo.com/us/en/products/E483924-000/00,UNIQLO
199,uniqlo_E483924-000,COL57,tops,24.9,USD,https://image.uniqlo.com/UQ/ST3/us/imagesgoods/483924/item/usgoods_57_483924_3x4.jpg,https://www.uniqlo.com/us/en/products/E483924-000/00,UNIQLO
200,uniqlo_E483924-000,COL61,tops,24.9,USD,https://image.uniqlo.com/UQ/ST3/us/imagesgoods/483924/item/usgoods_61_483924_3x4.jpg,https://www.uniqlo.com/us/en/products/E483924-000/00,UNIQLO
201,uniqlo_E484803-000,COL09,tops,24.9,USD,https://image.uniqlo.com/UQ/ST3/us/imagesgoods/484803/item/usgoods_09_484803_3x4.jpg,https://www.uniqlo.com/us/en/products/E484803-000/00,UNIQLO
202,uniqlo_E484803-000,COL11,tops,24.9,USD,https://image.uniqlo.com/UQ/ST3/us/imagesgoods/484803/item/usgoods_11_484803_3x4.jpg,https://www.uniqlo.com/us/en/products/E484803-000/00,UNIQLO
203,uniqlo_E484803-000,COL41,tops,24.9,USD,https://image.uniqlo.com/UQ/ST3/us/imagesgoods/484803/item/usgoods_41_484803_3x4.jpg,https://www.uniqlo.com/us/en/products/E484803-000/00,UNIQLO
204,uniqlo_E484803-000,COL57,tops,24.9,USD,https://image.uniqlo.com/UQ/ST3/us/imagesgoods/484803/item/usgoods_57_484803_3x4.jpg,https://www.uniqlo.com/us/en/products/E484803-000/00,UNIQLO
205,uniqlo_E465191-000,COL54,tops,14.9,USD,https://image.uniqlo.com/UQ/ST3/us/imagesgoods/465191/item/usgoods_54_465191_3x4.jpg,https://www.uniqlo.com/us/en/products/E465191-000/00,UNIQLO
206,uniqlo_E465191-000,COL00,tops,14.9,USD,https://image.uniqlo.com/UQ/ST3/us/imagesgoods/465191/item/usgoods_00_465191_3x4.jpg,https://www.uniqlo.com/us/en/products/E465191-000/00,UNIQLO
207,uniqlo_E465191-000,COL03,tops,14.9,USD,https://image.uniqlo.com/UQ/ST3/WesternCommon/imagesgoods/465191/item/goods_03_465191_3x4.jpg,https://www.uniqlo.com/us/en/products/E465191-000/00,UNIQLO
208,uniqlo_E465191-000,COL08,tops,14.9,USD,https://image.uniqlo.com/UQ/ST3/us/imagesgoods/465191/item/usgoods_08_465191_3x4.jpg,https://www.uniqlo.com/us/en/products/E465191-000/00,UNIQLO
209,uniqlo_E465191-000,COL09,tops,14.9,USD,https://image.uniqlo.com/UQ/ST3/WesternCommon/imagesgoods/465191/item/goods_09_465191_3x4.jpg,https://www.uniqlo.com/us/en/products/E465191-000/00,UNIQLO
210,uniqlo_E476141-000,COL69,tops,14.9,USD,https://image.uniqlo.com/UQ/ST3/us/imagesgoods/476141/item/usgoods_69_476141_3x4.jpg,https://www.uniqlo.com/us/en/products/E476141-000/00,UNIQLO
211,uniqlo_E476141-000,COL02,tops,14.9,USD,https://image.uniqlo.com/UQ/ST3/WesternCommon/imagesgoods/476141/item/goods_02_476141_3x4.jpg,https://www.uniqlo.com/us/en/products/E476141-000/00,UNIQLO
212,uniqlo_E476141-000,COL09,tops,14.9,USD,https://image.uniqlo.com/UQ/ST3/us/imagesgoods/476141/item/usgoods_09_476141_3x4.jpg,https://www.uniqlo.com/us/en/products/E476141-000/00,UNIQLO
213,uniqlo_E465187-000,COL06,tops,9.9,USD,https://image.uniqlo.com/UQ/ST3/us/imagesgoods/465187/item/usgoods_06_465187_3x4.jpg,https://www.uniqlo.com/us/en/products/E465187-000/00,UNIQLO
214,uniqlo_E465187-000,COL00,tops,9.9,USD,https://image.uniqlo.com/UQ/ST3/us/imagesgoods/465187/item/usgoods_00_465187_3x4.jpg,https://www.uniqlo.com/us/en/products/E465187-000/00,UNIQLO
215,uniqlo_E465187-000,COL03,tops,9.9,USD,https://image.uniqlo.com/UQ/ST3/us/imagesgoods/465187/item/usgoods_03_465187_3x4.jpg,https://www.uniqlo.com/us/en/products/E465187-000/00,UNIQLO
216,uniqlo_E465187-000,COL09,tops,9.9,USD,https://image.uniqlo.com/UQ/ST3/us/imagesgoods/465187/item/usgoods_09_465187_3x4.jpg,https://www.uniqlo.com/us/en/products/E465187-000/00,UNIQLO
217,uniqlo_E465187-000,COL14,tops,9.9,USD,https://image.uniqlo.com/UQ/ST3/us/imagesgoods/465187/item/usgoods_14_465187_3x4.jpg,https://www.uniqlo.com/us/en/products/E465187-000/00,UNIQLO
218,uniqlo_E465187-000,COL43,tops,9.9,USD,https://image.uniqlo.com/UQ/ST3/us/imagesgoods/465187/item/usgoods_43_465187_3x4.jpg,https://www.uniqlo.com/us/en/products/E465187-000/00,UNIQLO
219,uniqlo_E465187-000,COL58,tops,9.9,USD,https://image.uniqlo.com/UQ/ST3/us/imagesgoods/465187/item/usgoods_58_465187_3x4.jpg,https://www.uniqlo.com/us/en/products/E465187-000/00,UNIQLO
220,uniqlo_E465187-000,COL64,tops,9.9,USD,https://image.uniqlo.com/UQ/ST3/us/imagesgoods/465187/item/usgoods_64_465187_3x4.jpg,https://www.uniqlo.com/us/en/products/E465187-000/00,UNIQLO
221,uniqlo_E465187-000,COL69,tops,9.9,USD,https://image.uniqlo.com/UQ/ST3/us/imagesgoods/465187/item/usgoods_69_465187_3x4.jpg,https://www.uniqlo.com/us/en/products/E465187-000/00,UNIQLO
222,uniqlo_E465187-000,COL73,tops,9.9,USD,https://image.uniqlo.com/UQ/ST3/us/imagesgoods/465187/item/usgoods_73_465187_3x4.jpg,https://www.uniqlo.com/us/en/products/E465187-000/00,UNIQLO
223,uniqlo_E465187-000,COL55,tops,5.9,USD,https://image.uniqlo.com/UQ/ST3/WesternCommon/imagesgoods/465187/item/goods_55_465187_3x4.jpg,https://www.uniqlo.com/us/en/products/E465187-000/01,UNIQLO
224,uniqlo_E465187-000,COL67,tops,5.9,USD,https://image.uniqlo.com/UQ/ST3/us/imagesgoods/465187/item/usgoods_67_465187_3x4.jpg,https://www.uniqlo.com/us/en/products/E465187-000/01,UNIQLO
225,uniqlo_E482299-000,COL51,tops,24.9,USD,https://image.uniqlo.com/UQ/ST3/us/imagesgoods/482299/item/usgoods_51_482299_3x4.jpg,https://www.uniqlo.com/us/en/products/E482299-000/00,UNIQLO
226,uniqlo_E482299-000,COL00,tops,24.9,USD,https://image.uniqlo.com/UQ/ST3/us/imagesgoods/482299/item/usgoods_00_482299_3x4.jpg,https://www.uniqlo.com/us/en/products/E482299-000/00,UNIQLO
227,uniqlo_E482299-000,COL08,tops,24.9,USD,https://image.uniqlo.com/UQ/ST3/us/imagesgoods/482299/item/usgoods_08_482299_3x4.jpg,https://www.uniqlo.com/us/en/products/E482299-000/00,UNIQLO
228,uniqlo_E482299-000,COL09,tops,24.9,USD,https://image.uniqlo.com/UQ/ST3/us/imagesgoods/482299/item/usgoods_09_482299_3x4.jpg,https://www.uniqlo.com/us/en/products/E482299-000/00,UNIQLO
229,uniqlo_E482299-000,COL56,tops,24.9,USD,https://image.uniqlo.com/UQ/ST3/us/imagesgoods/482299/item/usgoods_56_482299_3x4.jpg,https://www.uniqlo.com/us/en/products/E482299-000/00,UNIQLO
230,uniqlo_E482299-000,COL64,tops,24.9,USD,https://image.uniqlo.com/UQ/ST3/us/imagesgoods/482299/item/usgoods_64_482299_3x4.jpg,https://www.uniqlo.com/us/en/products/E482299-000/00,UNIQLO
231,uniqlo_E483970-000,COL03,tops,24.9,USD,https://image.uniqlo.com/UQ/ST3/us/imagesgoods/483970/item/usgoods_03_483970_3x4.jpg,https://www.uniqlo.com/us/en/products/E483970-000/00,UNIQLO
232,uniqlo_E483970-000,COL68,tops,24.9,USD,https://image.uniqlo.com/UQ/ST3/us/imagesgoods/483970/item/usgoods_68_483970_3x4.jpg,https://www.uniqlo.com/us/en/products/E483970-000/00,UNIQLO
233,uniqlo_E475376-000,COL00,tops,9.9,USD,https://image.uniqlo.com/UQ/ST3/us/imagesgoods/475376/item/usgoods_00_475376_3x4.jpg,https://www.uniqlo.com/us/en/products/E475376-000/00,UNIQLO
234,uniqlo_E475376-000,COL03,tops,9.9,USD,https://image.uniqlo.com/UQ/ST3/us/imagesgoods/475376/item/usgoods_03_475376_3x4.jpg,https://www.uniqlo.com/us/en/products/E475376-000/00,UNIQLO
235,uniqlo_E475376-000,COL09,tops,9.9,USD,https://image.uniqlo.com/UQ/ST3/us/imagesgoods/475376/item/usgoods_09_475376_3x4.jpg,https://www.uniqlo.com/us/en/products/E475376-000/00,UNIQLO
236,uniqlo_E475376-000,COL12,tops,9.9,USD,https://image.uniqlo.com/UQ/ST3/us/imagesgoods/475376/item/usgoods_12_475376_3x4.jpg,https://www.uniqlo.com/us/en/products/E475376-000/00,UNIQLO
237,uniqlo_E475376-000,COL57,tops,9.9,USD,https://image.uniqlo.com/UQ/ST3/us/imagesgoods/475376/item/usgoods_57_475376_3x4.jpg,https://www.uniqlo.com/us/en/products/E475376-000/00,UNIQLO
238,uniqlo_E475376-000,COL69,tops,9.9,USD,https://image.uniqlo.com/UQ/ST3/us/imagesgoods/475376/item/usgoods_69_475376_3x4.jpg,https://www.uniqlo.com/us/en/products/E475376-000/00,UNIQLO
239,uniqlo_E450179-000,COL08,tops,29.9,USD,https://image.uniqlo.com/UQ/ST3/us/imagesgoods/450179/item/usgoods_08_450179_3x4.jpg,https://www.uniqlo.com/us/en/products/E450179-000/00,UNIQLO
240,uniqlo_E450179-000,COL00,tops,29.9,USD,https://image.uniqlo.com/UQ/ST3/us/imagesgoods/450179/item/usgoods_00_450179_3x4.jpg,https://www.uniqlo.com/us/en/products/E450179-000/00,UNIQLO
241,uniqlo_E450179-000,COL09,tops,29.9,USD,https://image.uniqlo.com/UQ/ST3/us/imagesgoods/450179/item/usgoods_09_450179_3x4.jpg,https://www.uniqlo.com/us/en/products/E450179-000/00,UNIQLO
242,uniqlo_E450179-000,COL69,tops,29.9,USD,https://image.uniqlo.com/UQ/ST3/us/imagesgoods/450179/item/usgoods_69_450179_3x4.jpg,https://www.uniqlo.com/us/en/products/E450179-000/00,UNIQLO
243,uniqlo_E450179-000,COL37,tops,9.9,USD,https://image.uniqlo.com/UQ/ST3/us/imagesgoods/450179/item/usgoods_37_450179_3x4.jpg,https://www.uniqlo.com/us/en/products/E450179-000/01,UNIQLO
244,uniqlo_E450179-000,COL00,tops,9.9,USD,https://image.uniqlo.com/UQ/ST3/us/imagesgoods/450179/item/usgoods_00_450179_3x4.jpg,https://www.uniqlo.com/us/en/products/E450179-000/01,UNIQLO
245,uniqlo_E450179-000,COL09,tops,9.9,USD,https://image.uniqlo.com/UQ/ST3/us/imagesgoods/450179/item/usgoods_09_450179_3x4.jpg,https://www.uniqlo.com/us/en/products/E450179-000/01,UNIQLO
246,uniqlo_E450179-000,COL31,tops,9.9,USD,https://image.uniqlo.com/UQ/ST3/us/imagesgoods/450179/item/usgoods_31_450179_3x4.jpg,https://www.uniqlo.com/us/en/products/E450179-000/01,UNIQLO
247,uniqlo_E450179-000,COL57,tops,9.9,USD,https://image.uniqlo.com/UQ/ST3/us/imagesgoods/450179/item/usgoods_57_450179_3x4.jpg,https://www.uniqlo.com/us/en/products/E450179-000/01,UNIQLO
248,uniqlo_E450179-000,COL61,tops,9.9,USD,https://image.uniqlo.com/UQ/ST3/WesternCommon/imagesgoods/450179/item/goods_61_450179_3x4.jpg,https://www.uniqlo.com/us/en/products/E450179-000/01,UNIQLO
249,uniqlo_E450179-000,COL63,tops,9.9,USD,https://image.uniqlo.com/UQ/ST3/us/imagesgoods/450179/item/usgoods_63_450179_3x4.jpg,https://www.uniqlo.com/us/en/products/E450179-000/01,UNIQLO
250,uniqlo_E450179-000,COL69,tops,9.9,USD,https://image.uniqlo.com/UQ/ST3/us/imagesgoods/450179/item/usgoods_69_450179_3x4.jpg,https://www.uniqlo.com/us/en/products/E450179-000/01,UNIQLO
251,uniqlo_E481177-000,COL32,tops,29.9,USD,https://image.uniqlo.com/UQ/ST3/us/imagesgoods/481177/item/usgoods_32_481177_3x4.jpg,https://www.uniqlo.com/us/en/products/E481177-000/00,UNIQLO
252,uniqlo_E481177-000,COL09,tops,29.9,USD,https://image.uniqlo.com/UQ/ST3/us/imagesgoods/481177/item/usgoods_09_481177_3x4.jpg,https://www.uniqlo.com/us/en/products/E481177-000/00,UNIQLO
253,uniqlo_E484780-000,COL57,tops,29.9,USD,https://image.uniqlo.com/UQ/ST3/us/imagesgoods/484780/item/usgoods_57_484780_3x4.jpg,https://www.uniqlo.com/us/en/products/E484780-000/00,UNIQLO
254,uniqlo_E484780-000,COL01,tops,29.9,USD,https://image.uniqlo.com/UQ/ST3/us/imagesgoods/484780/item/usgoods_01_484780_3x4.jpg,https://www.uniqlo.com/us/en/products/E484780-000/00,UNIQLO
255,uniqlo_E484780-000,COL09,tops,29.9,USD,https://image.uniqlo.com/UQ/ST3/us/imagesgoods/484780/item/usgoods_09_484780_3x4.jpg,https://www.uniqlo.com/us/en/products/E484780-000/00,UNIQLO
256,uniqlo_E484780-000,COL32,tops,29.9,USD,https://image.uniqlo.com/UQ/ST3/us/imagesgoods/484780/item/usgoods_32_484780_3x4.jpg,https://www.uniqlo.com/us/en/products/E484780-000/00,UNIQLO
257,uniqlo_E484780-000,COL65,tops,29.9,USD,https://image.uniqlo.com/UQ/ST3/us/imagesgoods/484780/item/usgoods_65_484780_3x4.jpg,https://www.uniqlo.com/us/en/products/E484780-000/00,UNIQLO
258,uniqlo_E481441-000,COL32,tops,29.9,USD,https://image.uniqlo.com/UQ/ST3/us/imagesgoods/481441/item/usgoods_32_481441_3x4.jpg,https://www.uniqlo.com/us/en/products/E481441-000/00,UNIQLO
259,uniqlo_E481441-000,COL03,tops,29.9,USD,https://image.uniqlo.com/UQ/ST3/us/imagesgoods/481441/item/usgoods_03_481441_3x4.jpg,https://www.uniqlo.com/us/en/products/E481441-000/00,UNIQLO
260,uniqlo_E481441-000,COL09,tops,29.9,USD,https://image.uniqlo.com/UQ/ST3/us/imagesgoods/481441/item/usgoods_09_481441_3x4.jpg,https://www.uniqlo.com/us/en/products/E481441-000/00,UNIQLO
261,uniqlo_E481441-000,COL30,tops,29.9,USD,https://image.uniqlo.com/UQ/ST3/us/imagesgoods/481441/item/usgoods_30_481441_3x4.jpg,https://www.uniqlo.com/us/en/products/E481441-000/00,UNIQLO
262,uniqlo_E481441-000,COL38,tops,29.9,USD,https://image.uniqlo.com/UQ/ST3/us/imagesgoods/481441/item/usgoods_38_481441_3x4.jpg,https://www.uniqlo.com/us/en/products/E481441-000/00,UNIQLO
263,uniqlo_E481441-000,COL58,tops,29.9,USD,https://image.uniqlo.com/UQ/ST3/us/imagesgoods/481441/item/usgoods_58_481441_3x4.jpg,https://www.uniqlo.com/us/en/products/E481441-000/00,UNIQLO
264,uniqlo_E481442-000,COL79,tops,29.9,USD,https://image.uniqlo.com/UQ/ST3/us/imagesgoods/481442/item/usgoods_79_481442_3x4.jpg,https://www.uniqlo.com/us/en/products/E481442-000/00,UNIQLO
265,uniqlo_E481442-000,COL07,tops,29.9,USD,https://image.uniqlo.com/UQ/ST3/us/imagesgoods/481442/item/usgoods_07_481442_3x4.jpg,https://www.uniqlo.com/us/en/products/E481442-000/00,UNIQLO
266,uniqlo_E481442-000,COL09,tops,29.9,USD,https://image.uniqlo.com/UQ/ST3/us/imagesgoods/481442/item/usgoods_09_481442_3x4.jpg,https://www.uniqlo.com/us/en/products/E481442-000/00,UNIQLO
267,uniqlo_E481442-000,COL30,tops,29.9,USD,https://image.uniqlo.com/UQ/ST3/us/imagesgoods/481442/item/usgoods_30_481442_3x4.jpg,https://www.uniqlo.com/us/en/products/E481442-000/00,UNIQLO
268,uniqlo_E481442-000,COL54,tops,29.9,USD,https://image.uniqlo.com/UQ/ST3/us/imagesgoods/481442/item/usgoods_54_481442_3x4.jpg,https://www.uniqlo.com/us/en/products/E481442-000/00,UNIQLO
269,uniqlo_E481442-000,COL69,tops,29.9,USD,https://image.uniqlo.com/UQ/ST3/us/imagesgoods/481442/item/usgoods_69_481442_3x4.jpg,https://www.uniqlo.com/us/en/products/E481442-000/00,UNIQLO
270,uniqlo_E479791-000,COL03,tops,29.9,USD,https://image.uniqlo.com/UQ/ST3/us/imagesgoods/479791/item/usgoods_03_479791_3x4.jpg,https://www.uniqlo.com/us/en/products/E479791-000/00,UNIQLO
271,uniqlo_E479791-000,COL01,tops,29.9,USD,https://image.uniqlo.com/UQ/ST3/us/imagesgoods/479791/item/usgoods_01_479791_3x4.jpg,https://www.uniqlo.com/us/en/products/E479791-000/00,UNIQLO
272,uniqlo_E479791-000,COL09,tops,29.9,USD,https://image.uniqlo.com/UQ/ST3/us/imagesgoods/479791/item/usgoods_09_479791_3x4.jpg,https://www.uniqlo.com/us/en/products/E479791-000/00,UNIQLO
273,uniqlo_E479791-000,COL18,tops,29.9,USD,https://image.uniqlo.com/UQ/ST3/us/imagesgoods/479791/item/usgoods_18_479791_3x4.jpg,https://www.uniqlo.com/us/en/products/E479791-000/00,UNIQLO
274,uniqlo_E479791-000,COL32,tops,29.9,USD,https://image.uniqlo.com/UQ/ST3/us/imagesgoods/479791/item/usgoods_32_479791_3x4.jpg,https://www.uniqlo.com/us/en/products/E479791-000/00,UNIQLO
275,uniqlo_E479791-000,COL66,tops,29.9,USD,https://image.uniqlo.com/UQ/ST3/us/imagesgoods/479791/item/usgoods_66_479791_3x4.jpg,https://www.uniqlo.com/us/en/products/E479791-000/00,UNIQLO
276,uniqlo_E479791-000,COL58,tops,9.9,USD,https://image.uniqlo.com/UQ/ST3/us/imagesgoods/479791/item/usgoods_58_479791_3x4.jpg,https://www.uniqlo.com/us/en/products/E479791-000/01,UNIQLO
277,uniqlo_E479791-000,COL01,tops,9.9,USD,https://image.uniqlo.com/UQ/ST3/us/imagesgoods/479791/item/usgoods_01_479791_3x4.jpg,https://www.uniqlo.com/us/en/products/E479791-000/01,UNIQLO
278,uniqlo_E479791-000,COL03,tops,9.9,USD,https://image.uniqlo.com/UQ/ST3/us/imagesgoods/479791/item/usgoods_03_479791_3x4.jpg,https://www.uniqlo.com/us/en/products/E479791-000/01,UNIQLO
279,uniqlo_E479791-000,COL09,tops,9.9,USD,https://image.uniqlo.com/UQ/ST3/us/imagesgoods/479791/item/usgoods_09_479791_3x4.jpg,https://www.uniqlo.com/us/en/products/E479791-000/01,UNIQLO
280,uniqlo_E479791-000,COL18,tops,9.9,USD,https://image.uniqlo.com/UQ/ST3/us/imagesgoods/479791/item/usgoods_18_479791_3x4.jpg,https://www.uniqlo.com/us/en/products/E479791-000/01,UNIQLO
281,uniqlo_E479791-000,COL32,tops,9.9,USD,https://image.uniqlo.com/UQ/ST3/us/imagesgoods/479791/item/usgoods_32_479791_3x4.jpg,https://www.uniqlo.com/us/en/products/E479791-000/01,UNIQLO
282,uniqlo_E479791-000,COL37,tops,9.9,USD,https://image.uniqlo.com/UQ/ST3/us/imagesgoods/479791/item/usgoods_37_479791_3x4.jpg,https://www.uniqlo.com/us/en/products/E479791-000/01,UNIQLO
283,uniqlo_E479791-000,COL66,tops,9.9,USD,https://image.uniqlo.com/UQ/ST3/us/imagesgoods/479791/item/usgoods_66_479791_3x4.jpg,https://www.uniqlo.com/us/en/products/E479791-000/01,UNIQLO
284,uniqlo_E465189-000,COL08,tops,9.9,USD,https://image.uniqlo.com/UQ/ST3/us/imagesgoods/465189/item/usgoods_08_465189_3x4.jpg,https://www.uniqlo.com/us/en/products/E465189-000/00,UNIQLO
285,uniqlo_E465189-000,COL00,tops,9.9,USD,https://image.uniqlo.com/UQ/ST3/us/imagesgoods/465189/item/usgoods_00_465189_3x4.jpg,https://www.uniqlo.com/us/en/products/E465189-000/00,UNIQLO
286,uniqlo_E465189-000,COL03,tops,9.9,USD,https://image.uniqlo.com/UQ/ST3/us/imagesgoods/465189/item/usgoods_03_465189_3x4.jpg,https://www.uniqlo.com/us/en/products/E465189-000/00,UNIQLO
287,uniqlo_E465189-000,COL09,tops,9.9,USD,https://image.uniqlo.com/UQ/ST3/us/imagesgoods/465189/item/usgoods_09_465189_3x4.jpg,https://www.uniqlo.com/us/en/products/E465189-000/00,UNIQLO
288,uniqlo_E465189-000,COL57,tops,9.9,USD,https://image.uniqlo.com/UQ/ST3/us/imagesgoods/465189/item/usgoods_57_465189_3x4.jpg,https://www.uniqlo.com/us/en/products/E465189-000/00,UNIQLO
289,uniqlo_E465189-000,COL69,tops,9.9,USD,https://image.uniqlo.com/UQ/ST3/us/imagesgoods/465189/item/usgoods_69_465189_3x4.jpg,https://www.uniqlo.com/us/en/products/E465189-000/00,UNIQLO
290,uniqlo_E479525-000,COL09,tops,34.9,USD,https://image.uniqlo.com/UQ/ST3/us/imagesgoods/479525/item/usgoods_09_479525_3x4.jpg,https://www.uniqlo.com/us/en/products/E479525-000/00,UNIQLO
291,uniqlo_E479525-000,COL01,tops,34.9,USD,https://image.uniqlo.com/UQ/ST3/us/imagesgoods/479525/item/usgoods_01_479525_3x4.jpg,https://www.uniqlo.com/us/en/products/E479525-000/00,UNIQLO
292,uniqlo_E479525-000,COL08,tops,34.9,USD,https://image.uniqlo.com/UQ/ST3/us/imagesgoods/479525/item/usgoods_08_479525_3x4.jpg,https://www.uniqlo.com/us/en/products/E479525-000/00,UNIQLO
293,uniqlo_E479525-000,COL69,tops,34.9,USD,https://image.uniqlo.com/UQ/ST3/us/imagesgoods/479525/item/usgoods_69_479525_3x4.jpg,https://www.uniqlo.com/us/en/products/E479525-000/00,UNIQLO
294,uniqlo_E461003-000,COL00,tops,19.9,USD,https://image.uniqlo.com/UQ/ST3/us/imagesgoods/461003/item/usgoods_00_461003_3x4.jpg,https://www.uniqlo.com/us/en/products/E461003-000/00,UNIQLO
295,uniqlo_E461003-000,COL08,tops,19.9,USD,https://image.uniqlo.com/UQ/ST3/us/imagesgoods/461003/item/usgoods_08_461003_3x4.jpg,https://www.uniqlo.com/us/en/products/E461003-000/00,UNIQLO
296,uniqlo_E461003-000,COL09,tops,19.9,USD,https://image.uniqlo.com/UQ/ST3/us/imagesgoods/461003/item/usgoods_09_461003_3x4.jpg,https://www.uniqlo.com/us/en/products/E461003-000/00,UNIQLO
297,uniqlo_E461003-000,COL69,tops,19.9,USD,https://image.uniqlo.com/UQ/ST3/us/imagesgoods/461003/item/usgoods_69_461003_3x4.jpg,https://www.uniqlo.com/us/en/products/E461003-000/00,UNIQLO
298,uniqlo_E450529-000,COL08,tops,9.9,USD,https://image.uniqlo.com/UQ/ST3/us/imagesgoods/450529/item/usgoods_08_450529_3x4.jpg,https://www.uniqlo.com/us/en/products/E450529-000/00,UNIQLO
299,uniqlo_E471808-000,COL31,tops,49.9,USD,https://image.uniqlo.com/UQ/ST3/us/imagesgoods/471808/item/usgoods_31_471808_3x4.jpg,https://www.uniqlo.com/us/en/products/E471808-000/00,UNIQLO
300,uniqlo_E471808-000,COL03,tops,49.9,USD,https://image.uniqlo.com/UQ/ST3/us/imagesgoods/471808/item/usgoods_03_471808_3x4.jpg,https://www.uniqlo.com/us/en/products/E471808-000/00,UNIQLO
301,uniqlo_E471808-000,COL09,tops,49.9,USD,https://image.uniqlo.com/UQ/ST3/us/imagesgoods/471808/item/usgoods_09_471808_3x4.jpg,https://www.uniqlo.com/us/en/products/E471808-000/00,UNIQLO
302,uniqlo_E471808-000,COL17,tops,49.9,USD,https://image.uniqlo.com/UQ/ST3/us/imagesgoods/471808/item/usgoods_17_471808_3x4.jpg,https://www.uniqlo.com/us/en/products/E471808-000/00,UNIQLO
303,uniqlo_E471808-000,COL69,tops,49.9,USD,https://image.uniqlo.com/UQ/ST3/us/imagesgoods/471808/item/usgoods_69_471808_3x4.jpg,https://www.uniqlo.com/us/en/products/E471808-000/00,UNIQLO
